[
  {
    "FileName": "MasterFreestandingInspectionChecklist.docx",
    "Description": "Freestanding Inspection Checklist"
  },
  {
    "FileName": "MasterInsertInspectionChecklist.docx",
    "Description": "Insert Inspection Checklist"
  },
  {
    "FileName": "ComponentLabelTemplate.tpl",
    "Description": "Component Label Template"
  },
  {
    "FileName": "MainLabelTemplate.tpl",
    "Description": "Main Label Template"
  },
  {
    "FileName": "ProductData.json",
    "Description": "ProductData"
  }
]