[
  {
    "Name": "Item",
    "Description": "Item ticket",
	"Zpl" : "^XA\n
^FO520,40 ^A0B,140,140 ^FB1309,1,,C ^FDNAME^FS\n
^FO695,930 ^A0B,80,70 ^FB450,1,,C ^FDJOB^FS\n
^FO695,720 ^A0B,70,70 ^FDQTY^FS\n   
^FO695,350 ^A0B,70,70 ^FB300,1,,C ^FDTYPE\\&^FS\n
^FO695,70 ^A0B,70,70 ^FB250,1,,C ^FDLABEL\\&^FS\n
PAID
^FO665,60 ^GB115,275,5^FS\n
^FO665,365 ^GB115,275,5^FS\n
^FO665,670 ^GB115,275,5^FS\n
^FO665,970 ^GB115,380,5^FS\n
^FO15,20 ^GB790,1370,20^FS\n
^FO40,60 ^GB410,1290,5^FS\n
^FO480,60 ^GB180,1290,5^FS\n
^XZ\n"
  },
  {
    "Name": "Component",
    "Description": "Opti Flue Kit",
	"Zpl" : "^XA\n
^FO70,210 ^A0B,190,190  ^FDComponent list^FS\n
^FO30,20 ^A0N,50,50 ^FB800,3,,C ^FDBAGTAG^FS 
^FO300,220 ^A0N,130,90 ^FDJOB^FS\n
^FO15,5 ^GB780,170,3^FS\n
^FO15,180 ^GB780,1200,15^FS\n
^FO45,200 ^GB220,1160,5^FS\n
^FO270,350 ^GB500,1010,5^FS\n
^FO270,200 ^GB500,140,5^FS\n"
  },
  {
    "Name": "Merged",
    "Description": "Merged ticket for parts",
	"Zpl" : "^XA\n
	^FO70,210 ^A0B,150,150 ^FB1300,1,,C   ^FDNAME\\&^FS\n
    ^FO70,20 ^A0B,80,80 ^FB330,1,,C  ^FDTYPE\\&^FS\n 
    ^FO180,40 ^A0B,80,60 ^FDJOB^FS\n
    PAID
    ^FO45,30 ^GB110,315,5^FS\n
    ^FO15,10 ^GB780,1380,15^FS\n
    ^FO45,350 ^GB220,1020,5^FS\n
    ^FO270,350 ^GB500,1020,5^FS\n
    ^FO160,30 ^GB105,315,5^FS\n
    ^FO270,30 ^GB500,315,5^FS\n"
  }
]

